{
    "name": "emoticons",
    "title": "Parse text emoticons and replace them by graphics.",
    "version": "0.1.7",
    "author": {
        "name": "Oleg Slobodskoi",
        "email": "oleg008@gmail.com"
    },
    "repository": {
        "type": "git",
        "url": "git@github.com:kof/emoticons.git"
    },
    "keywords": ["emoticon", "smily", "smilies", "emotify", "parser", "emoji", "skype"],
    "engines": {},
    "dependencies": {
        "jquery": "*"
    },
    "scripts": {},
    "licenses": [
        {
           "type": "MIT",
           "url": "http://www.opensource.org/licenses/mit-license.php"
        }
    ]
}
